TransactionID,CustomerID,ProductID,PurchaseQuantity,PurchasePrice,PurchaseDate,Country
1,887,240,5,689.99,2024-03-01,Barbados
2,560,299,4,79.27,2024-01-26,Northern Mariana Islands
3,701,207,3,666.75,2024-05-13,British Virgin Islands
4,630,290,5,316.19,2023-09-21,Guatemala
5,631,281,4,700.24,2024-01-25,Falkland Islands (Malvinas)
6,228,282,4,668.28,2023-08-30,Namibia
7,694,277,5,573.41,2023-11-04,Tajikistan
8,677,282,1,310.84,2024-04-20,Montserrat
9,371,281,5,610.59,2023-07-07,Luxembourg
10,742,231,4,447.74,2024-05-03,Sri Lanka
11,801,220,4,795.8,2023-12-13,Israel
12,595,291,3,520.3,2023-10-28,Saint Martin
13,981,265,2,676.07,2024-01-30,Botswana
14,426,218,2,34.18,2023-08-02,Australia
15,397,220,5,851.24,2024-05-06,Greece
16,691,265,4,887.28,2023-12-24,Luxembourg
17,415,230,4,405.66,2023-09-17,Mozambique
18,461,283,1,780.64,2024-03-13,Latvia
19,392,233,5,469.9,2024-04-03,Haiti
20,882,271,4,142.01,2023-09-09,Guyana
21,666,270,5,599.5,2023-10-12,Sweden
22,738,250,5,432.47,2023-11-17,South Africa
23,447,277,4,455.57,2024-01-09,Iran
24,612,260,5,489.75,2024-01-13,Korea
25,252,278,4,86.71,2023-10-27,Central African Republic
26,502,265,3,342.49,2024-01-18,Liechtenstein
27,825,242,2,238.95,2024-03-13,Bouvet Island (Bouvetoya)
28,526,288,1,420.72,2024-02-25,Anguilla
29,711,299,4,421.62,2024-02-05,Montserrat
30,333,280,4,905.79,2024-04-01,Nicaragua
31,893,204,4,482.21,2024-02-03,Yemen
32,817,219,4,854.91,2023-12-03,Portugal
33,308,294,5,801.87,2024-04-03,Bahamas
34,822,284,2,280.21,2023-12-28,Mali
35,485,243,4,342.77,2024-01-24,Guinea
36,792,288,4,920.35,2023-10-06,New Caledonia
37,595,228,5,568.75,2024-06-25,French Southern Territories
38,889,240,4,144.34,2023-12-29,Guernsey
39,673,215,1,267.55,2024-02-03,Philippines
40,656,298,4,333.58,2024-05-03,Cameroon
41,397,256,4,259.75,2024-03-06,Equatorial Guinea
42,865,271,1,751.53,2024-03-22,Faroe Islands
43,240,206,2,653.64,2024-03-12,United Kingdom
44,643,242,2,207.37,2024-03-30,Latvia
45,202,220,2,246.16,2023-12-01,Palau
46,999,236,5,948.28,2023-10-28,France
47,761,229,3,176.11,2024-01-19,Saint Vincent and the Grenadines
48,840,253,3,117.02,2024-06-02,Taiwan
49,280,263,5,680.57,2023-09-06,Vietnam
50,866,201,2,85.24,2023-10-19,Mongolia
51,717,282,3,851.79,2024-01-22,Mali
52,605,234,1,353.73,2023-09-08,Sudan
53,215,291,1,510.9,2023-09-06,American Samoa
54,854,224,4,824.11,2023-09-02,New Caledonia
55,976,241,3,639.23,2023-07-29,Iran
56,785,231,4,184.38,2023-06-28,Eritrea
57,492,238,5,776.9,2024-02-07,Saint Kitts and Nevis
58,686,207,5,275.71,2024-03-11,British Indian Ocean Territory (Chagos Archipelago)
59,576,290,3,882.81,2024-04-19,Georgia
60,806,278,5,614.23,2023-09-19,Cyprus
61,236,247,1,499.36,2023-12-04,Reunion
62,662,227,4,220,2024-04-16,Egypt
63,796,257,3,881.52,2024-01-17,Romania
64,470,270,1,521.46,2024-06-10,Macedonia
65,307,266,2,722.87,2023-12-14,Brazil
66,796,265,2,693.7,2023-12-16,Sudan
67,156,207,1,102.12,2024-01-29,Kyrgyz Republic
68,788,200,2,313.14,2024-04-10,Cuba
69,692,269,5,535.61,2023-07-19,Vietnam
70,170,217,3,358.29,2024-04-18,Norway
71,846,248,3,258.89,2023-12-17,Trinidad and Tobago
72,486,269,3,128.36,2023-08-16,Palau
73,980,267,2,741.22,2023-08-14,Saint Lucia
74,328,259,5,600.82,2024-03-13,Saint Helena
75,657,258,3,235.21,2023-11-07,Cape Verde
76,382,204,1,710.94,2024-05-05,Panama
77,529,230,1,974.55,2023-09-14,Bangladesh
78,203,206,4,111.56,2023-09-29,Saint Vincent and the Grenadines
79,145,299,3,474.7,2023-07-17,Burundi
80,615,273,2,965.84,2024-02-13,Sierra Leone
81,788,284,1,823.89,2024-01-14,Cyprus
82,523,294,1,581.25,2024-06-14,China
83,741,244,2,813.03,2024-06-25,Norway
84,787,252,2,127.27,2023-08-22,French Southern Territories
85,485,228,5,792.83,2023-10-20,Togo
86,824,252,4,456.01,2023-12-04,Micronesia
87,642,282,5,990.13,2023-07-26,Uzbekistan
88,560,224,5,69.63,2023-07-16,Ethiopia
89,486,224,2,272,2024-05-03,Senegal
90,701,242,2,182.08,2023-10-21,Zimbabwe
91,115,295,1,414.43,2024-04-13,Lesotho
92,348,230,1,239.16,2024-01-26,Gibraltar
93,894,239,1,690.51,2023-10-05,Guyana
94,625,292,2,430.89,2023-12-25,Senegal
95,959,205,3,828.36,2024-01-30,Tonga
96,326,274,2,794.7,2024-02-05,Saint Helena
97,527,272,1,474.01,2024-05-14,Ecuador
98,611,297,3,505.47,2024-05-10,Liechtenstein
99,840,245,1,602.06,2023-08-30,Burundi
100,837,282,5,257.86,2023-07-18,Mali
101,134,206,5,591.25,2024-04-17,Albania
102,522,219,5,49.83,2023-06-29,Cuba
103,617,278,5,654.99,2024-06-14,Liberia
104,775,267,5,441.53,2024-04-01,Falkland Islands (Malvinas)
105,648,286,4,354.48,2023-12-10,Sri Lanka
106,283,224,1,859.16,2024-02-21,Mali
107,358,247,4,295.34,2023-11-30,Kuwait
108,678,210,1,460.28,2024-03-05,Togo
109,765,270,3,124.76,2023-12-27,Azerbaijan
110,752,255,1,661.08,2024-03-02,Slovenia
111,439,267,1,195.71,2024-06-16,Armenia
112,335,260,4,629.15,2023-10-09,Aruba
113,176,284,3,553.73,2023-07-08,Christmas Island
114,970,296,4,130.21,2024-05-09,Rwanda
115,940,230,3,555.33,2024-02-01,Syrian Arab Republic
116,969,296,2,992.33,2024-04-08,Burundi
117,909,206,1,651.23,2023-08-02,Jordan
118,337,276,3,513.78,2023-11-27,Singapore
119,434,262,4,980.44,2023-09-22,Guinea-Bissau
120,666,284,5,153.2,2023-11-20,Belize
121,890,210,5,748.83,2023-10-08,Cape Verde
122,489,240,3,774.95,2023-11-13,Botswana
123,193,234,5,274.5,2023-08-04,Bulgaria
124,189,252,3,839.1,2023-08-05,Anguilla
125,191,241,4,543.19,2024-05-26,Hungary
126,112,271,5,765.24,2024-06-11,Ecuador
127,685,234,3,870.91,2023-10-20,Ethiopia
128,604,238,4,241.23,2023-12-31,Slovenia
129,178,263,3,747.26,2024-02-11,New Zealand
130,300,250,2,500.38,2023-11-02,Tajikistan
131,735,255,5,965.7,2024-05-07,Swaziland
132,980,277,4,108.71,2024-03-22,Cook Islands
133,590,237,2,415.88,2024-04-06,Puerto Rico
134,748,250,4,783.71,2023-11-14,Brazil
135,677,298,5,695.78,2024-01-25,Anguilla
136,844,237,5,386.21,2024-05-13,Puerto Rico
137,170,263,5,45.54,2023-08-19,Norfolk Island
138,410,248,3,997.45,2023-07-24,Kiribati
139,712,288,1,762.77,2023-12-05,Mauritius
140,137,268,2,697.06,2024-02-11,Northern Mariana Islands
141,187,221,3,798.18,2024-03-03,New Caledonia
142,145,296,3,436.38,2023-11-01,South Africa
143,540,295,4,570.27,2024-01-13,Micronesia
144,694,259,2,88.18,2024-04-20,Philippines
145,702,261,2,502.69,2023-08-05,French Polynesia
146,525,293,4,641.53,2023-08-20,Guernsey
147,419,244,1,899.92,2023-12-27,Bhutan
148,548,205,5,166.4,2024-05-05,Russian Federation
149,217,221,5,306.16,2024-06-21,Saint Vincent and the Grenadines
150,349,254,4,846.85,2023-12-22,Djibouti
151,916,255,4,115.59,2023-11-26,Antarctica (the territory South of 60 deg S)
152,855,249,3,579.06,2023-06-27,Romania
153,319,208,4,281.74,2024-02-05,Bosnia and Herzegovina
154,918,258,4,834.51,2023-08-09,Estonia
155,786,276,5,803.91,2023-11-23,New Caledonia
156,501,279,5,258.12,2023-09-01,Suriname
157,789,210,1,315.84,2024-03-13,Burkina Faso
158,420,288,5,371.21,2023-08-19,Madagascar
159,497,223,3,333.45,2024-01-01,Norfolk Island
160,650,271,2,140.84,2023-08-29,Liechtenstein
161,395,206,5,914.35,2024-05-27,Guinea-Bissau
162,109,283,4,967.71,2024-01-04,Ireland
163,801,272,1,473.65,2023-07-07,South Africa
164,879,236,2,861.54,2023-08-30,Slovakia (Slovak Republic)
165,568,265,3,99.4,2023-08-08,Montenegro
166,216,269,3,541.21,2024-05-10,Saudi Arabia
167,142,254,3,588.71,2023-08-04,Saint Pierre and Miquelon
168,949,204,2,476.76,2023-12-17,Estonia
169,456,215,2,651.18,2024-04-22,Sudan
170,342,290,4,125.51,2024-02-18,Niue
171,538,226,3,995.97,2024-05-03,Bahamas
172,683,241,2,888.39,2024-03-25,French Guiana
173,396,286,4,377.3,2024-05-07,Bhutan
174,238,235,2,886.56,2024-05-27,Palau
175,229,241,5,414.03,2024-05-12,Egypt
176,879,280,3,225.1,2023-10-08,Nigeria
177,524,298,3,108.36,2023-08-01,Iraq
178,627,258,3,69.94,2024-01-01,Greece
179,695,293,1,949.52,2023-12-21,Norfolk Island
180,780,250,2,645.29,2023-09-18,Japan
181,944,243,3,251.13,2024-01-24,Montserrat
182,233,287,2,77.92,2024-04-17,Australia
183,147,215,2,814.92,2024-06-20,Togo
184,261,225,2,790.76,2024-03-19,United States of America
185,235,235,2,987.65,2023-08-01,Palau
186,469,221,1,664.45,2023-07-16,Indonesia
187,740,283,1,364.66,2023-07-31,Romania
188,197,228,3,25.62,2024-01-13,Pitcairn Islands
189,555,254,2,744.3,2024-03-21,Bulgaria
190,589,213,4,453.79,2023-08-05,Germany
191,476,296,5,117.96,2024-05-30,Burkina Faso
192,756,283,1,729.97,2023-08-28,Kazakhstan
193,459,252,1,70.22,2024-02-20,Poland
194,553,296,4,689.24,2023-08-12,Myanmar
195,847,217,1,900.27,2023-09-30,Falkland Islands (Malvinas)
196,760,277,2,75.03,2023-10-14,Slovakia (Slovak Republic)
197,807,226,5,552.87,2024-01-13,Netherlands
198,621,230,5,535.25,2024-01-04,Hungary
199,215,201,5,435.9,2023-11-13,Vietnam
200,424,246,2,435.77,2024-01-24,Pitcairn Islands
201,276,202,3,829.15,2024-02-09,Bangladesh
202,114,250,1,319.42,2024-01-08,France
203,743,251,3,954.06,2023-07-28,Northern Mariana Islands
204,649,210,1,833.45,2024-01-10,Uruguay
205,308,275,1,747.14,2024-02-27,Serbia
206,954,255,5,69.38,2024-04-04,Zimbabwe
207,966,214,4,360.06,2023-12-19,New Caledonia
208,723,222,3,604.41,2023-08-11,American Samoa
209,824,244,5,512.34,2024-01-15,Malaysia
210,901,295,2,848.8,2024-04-24,Tunisia
211,375,242,3,123.74,2024-05-04,Japan
212,378,280,2,809.15,2023-07-25,Luxembourg
213,566,221,3,38.66,2023-11-15,Cayman Islands
214,361,214,3,357.51,2023-09-22,Saint Vincent and the Grenadines
215,621,205,5,660.77,2023-12-26,Haiti
216,492,204,1,100.84,2024-01-26,Spain
217,831,253,4,459.11,2024-06-15,Saint Helena
218,427,264,3,724.38,2024-03-13,United Arab Emirates
219,153,251,2,165.84,2023-07-22,Turkey
220,576,211,3,448.68,2024-01-26,Korea
221,108,294,5,447.62,2024-02-22,Ecuador
222,575,299,5,122.68,2023-09-09,Saint Martin
223,659,252,3,681.44,2023-07-05,Djibouti
224,654,242,3,54.96,2023-06-26,Senegal
225,773,226,1,17.61,2024-01-17,Dominica
226,529,211,2,766.52,2023-07-13,Uruguay
227,337,247,1,17.65,2023-12-21,San Marino
228,186,250,2,386.41,2023-07-25,Namibia
229,681,237,5,835.02,2023-10-05,Thailand
230,422,241,4,863.15,2023-10-27,Korea
231,378,298,1,465.16,2024-02-08,Botswana
232,259,215,5,434.99,2024-01-20,Guinea-Bissau
233,888,215,3,124.02,2023-07-31,Cayman Islands
234,926,205,2,803.31,2023-09-17,Syrian Arab Republic
235,977,245,1,442.34,2023-11-26,Malawi
236,150,203,4,592.98,2023-11-30,Timor-Leste
237,563,213,3,748.35,2024-05-03,South Africa
238,243,228,2,85.62,2023-08-15,Congo
239,943,210,5,201.96,2024-02-07,Myanmar
240,365,225,2,243.91,2024-06-10,Oman
241,554,242,2,181.76,2023-08-12,Armenia
242,572,292,2,951.78,2023-11-26,Luxembourg
243,130,223,5,762.28,2023-10-10,Fiji
244,556,231,5,329.98,2024-03-03,French Polynesia
245,610,235,4,77.6,2023-11-21,Burundi
246,529,280,3,595.51,2024-05-02,Mauritius
247,913,261,1,317.3,2024-01-23,Slovenia
248,596,234,1,375.05,2023-09-03,Anguilla
249,426,235,1,618.86,2023-07-18,Sudan
250,583,220,5,558.77,2023-08-03,Egypt
251,772,294,5,655.32,2023-07-17,Serbia
252,324,222,4,506.35,2023-09-02,Dominica
253,706,275,1,812.86,2023-07-06,Romania
254,817,224,5,649.67,2024-05-15,Sudan
255,604,207,4,991.08,2023-09-24,Netherlands Antilles
256,324,278,3,918.76,2023-09-12,Sri Lanka
257,233,241,3,682.11,2023-07-19,Angola
258,251,267,1,336.39,2024-05-25,Haiti
259,174,212,3,726.5,2023-11-03,Gabon
260,430,281,1,586.91,2024-01-01,Pakistan
261,424,278,3,968.02,2024-04-26,Guinea-Bissau
262,328,293,5,711.75,2024-03-19,French Polynesia
263,230,273,5,382.91,2023-11-25,Thailand
264,889,278,5,102.52,2023-09-19,Northern Mariana Islands
265,679,209,3,28.05,2023-09-26,Guatemala
266,427,290,2,348.32,2024-03-12,Northern Mariana Islands
267,846,231,2,999.98,2024-03-21,Bangladesh
268,458,249,3,845.98,2023-12-13,Saint Martin
269,529,248,5,836.77,2023-11-09,Mauritius
270,484,283,5,139.74,2024-04-15,Poland
271,330,237,2,189.04,2023-07-03,Ghana
272,367,248,1,416.75,2023-08-27,Saint Martin
273,176,276,5,292.08,2024-02-19,Uganda
274,594,277,5,246.78,2024-06-05,Jordan
275,260,252,3,681.52,2024-03-22,Mexico
276,839,238,3,780.34,2023-09-26,Bhutan
277,150,206,2,803.25,2023-11-13,Afghanistan
278,537,261,1,644.77,2023-09-11,Bhutan
279,126,260,1,714.29,2024-05-18,Brazil
280,415,233,1,765.49,2023-07-31,Norway
281,657,223,5,155.88,2023-12-16,Aruba
282,369,272,2,818.54,2023-07-19,Canada
283,870,269,4,62.72,2023-12-03,Saudi Arabia
284,703,266,4,994.58,2023-12-05,Martinique
285,803,260,1,325.5,2023-10-20,Belgium
286,504,266,2,146.22,2024-05-01,Montenegro
287,793,221,2,761.25,2023-09-16,Sri Lanka
288,297,255,5,15.2,2023-09-12,Swaziland
289,742,293,3,223.5,2024-06-15,Sri Lanka
290,168,235,5,532.49,2024-01-13,Kuwait
291,994,253,2,308.14,2023-08-08,Israel
292,253,212,4,642.56,2024-06-19,Botswana
293,676,244,1,838.32,2024-05-31,Isle of Man
294,370,204,5,26.27,2023-08-31,Falkland Islands (Malvinas)
295,512,204,3,434.95,2023-11-26,Tuvalu
296,439,234,5,422.4,2024-06-08,Holy See (Vatican City State)
297,120,262,3,77,2024-05-24,Qatar
298,801,295,4,53.1,2023-12-15,Singapore
299,945,211,3,749.84,2023-09-06,Kenya
300,316,266,3,248.71,2024-05-27,Holy See (Vatican City State)
301,940,290,3,142.08,2024-01-08,Iraq
302,238,222,3,815.37,2023-09-08,Turkey
303,952,206,4,635.42,2024-06-16,Guyana
304,821,250,4,46.61,2024-02-27,Uzbekistan
305,226,257,2,886.93,2023-09-02,Trinidad and Tobago
306,585,233,5,404.24,2024-04-11,Switzerland
307,805,273,1,755.76,2024-04-23,Croatia
308,977,283,3,863.52,2023-12-02,Malawi
309,120,260,3,133.23,2024-06-13,Bulgaria
310,762,277,4,745.87,2024-05-03,Western Sahara
311,412,248,2,501.24,2024-05-21,Guernsey
312,570,279,5,274.05,2023-11-27,Mozambique
313,204,247,1,436.3,2024-01-30,Oman
314,708,208,3,328,2023-11-03,Falkland Islands (Malvinas)
315,755,283,3,313.43,2023-10-20,Comoros
316,253,276,4,358.03,2023-11-29,Panama
317,427,237,5,998.17,2023-10-04,United States of America
318,528,273,1,674.47,2024-05-07,Comoros
319,451,260,5,803.09,2024-06-12,Wallis and Futuna
320,787,284,2,850.18,2024-05-31,Micronesia
321,285,292,2,76.56,2024-05-04,Moldova
322,881,283,4,949.97,2023-07-30,Cyprus
323,463,242,2,682.27,2023-11-17,Eritrea
324,699,281,4,765.45,2024-02-07,Morocco
325,735,287,3,404.05,2023-11-21,Malta
326,405,225,1,35.65,2023-11-06,Ireland
327,683,291,5,393.12,2023-09-04,Slovakia (Slovak Republic)
328,182,200,3,707,2023-12-18,Falkland Islands (Malvinas)
329,314,262,3,697.04,2024-04-25,Serbia
330,898,251,1,144.37,2023-12-09,Lesotho
331,492,201,2,899.69,2024-06-06,Gibraltar
332,875,280,3,671.16,2024-04-05,Egypt
333,331,249,5,297.46,2024-01-07,Myanmar
334,413,237,2,795.76,2023-12-20,Saint Lucia
335,632,217,2,794.15,2023-11-06,United Arab Emirates
336,601,251,1,367.29,2023-07-03,Denmark
337,329,275,5,138.47,2024-01-07,Chile
338,226,281,3,404.18,2023-10-03,Sierra Leone
339,647,213,4,771.47,2024-03-05,Taiwan
340,120,215,3,645.92,2024-01-24,El Salvador
341,585,201,5,351.07,2023-10-20,Italy
342,777,289,4,507.84,2023-08-18,Italy
343,950,236,5,161.49,2023-08-09,Slovenia
344,208,245,3,935.39,2024-03-25,Ireland
345,402,288,5,895.98,2024-06-22,Liberia
346,438,214,2,638.71,2024-05-15,Montenegro
347,785,292,3,618.28,2023-08-04,United Kingdom
348,362,233,2,595.89,2023-12-23,Australia
349,202,246,5,723.43,2024-05-02,Philippines
350,420,205,1,826.98,2023-06-29,Timor-Leste
351,241,256,1,949.06,2024-02-22,Ethiopia
352,999,214,5,422.42,2023-11-28,Iran
353,567,253,5,296.77,2024-03-03,Turks and Caicos Islands
354,916,220,2,806.64,2023-08-05,Israel
355,704,299,4,82.24,2023-11-12,New Caledonia
356,129,216,4,421.47,2023-12-30,Uruguay
357,599,233,3,610.59,2024-03-06,Germany
358,112,273,3,975.62,2024-04-02,Monaco
359,329,266,5,566.03,2024-03-19,Reunion
360,733,244,4,131.3,2024-03-09,Philippines
361,756,278,2,105.84,2023-07-17,Algeria
362,758,263,5,423.95,2024-05-28,Chad
363,176,235,5,723.92,2023-07-15,Macedonia
364,328,210,4,996.01,2023-12-21,Kenya
365,920,240,3,502.4,2023-08-11,Luxembourg
366,863,271,5,462.66,2024-01-25,Afghanistan
367,945,238,5,359.37,2024-06-05,Madagascar
368,675,246,4,601.54,2024-05-11,Austria
369,936,279,5,18.1,2024-02-13,Lebanon
370,833,297,2,883.63,2024-03-07,Cyprus
371,102,237,3,54.79,2024-01-24,Maldives
372,482,217,5,202.71,2024-05-10,Saint Barthelemy
373,860,224,4,509.21,2023-08-11,Venezuela
374,972,291,5,127.62,2023-11-04,Botswana
375,875,275,3,796.95,2023-08-12,Sierra Leone
376,561,263,3,757.42,2023-06-27,Malta
377,853,261,5,407.37,2024-06-18,Madagascar
378,899,293,1,145.67,2024-05-07,Brunei Darussalam
379,206,264,5,462.42,2024-06-02,Hungary
380,528,235,5,325.34,2023-11-27,Guam
381,401,289,3,597.79,2024-06-04,San Marino
382,624,291,3,480.14,2024-04-07,Vietnam
383,666,237,3,677.07,2024-03-18,Guatemala
384,788,222,3,798.79,2024-01-07,Mauritania
385,810,271,4,272.88,2023-12-29,Mozambique
386,684,268,5,485.64,2023-10-15,Turkey
387,967,248,2,41.25,2023-08-21,Austria
388,786,236,1,446.63,2024-03-17,El Salvador
389,249,296,4,693.6,2024-01-22,Antigua and Barbuda
390,467,294,5,921.32,2024-01-30,Tonga
391,329,289,5,215.27,2023-10-15,Puerto Rico
392,780,287,5,383.06,2023-10-25,Mexico
393,155,299,5,348.9,2024-05-25,Trinidad and Tobago
394,553,282,5,489.34,2023-11-15,Saudi Arabia
395,702,224,5,305.51,2023-10-18,Kiribati
396,281,215,2,693.34,2023-11-19,Armenia
397,538,232,4,355.32,2023-06-28,Greenland
398,577,241,1,577.74,2024-02-12,Austria
399,892,262,3,955.06,2024-04-27,Montenegro
400,663,228,1,294.75,2023-09-05,Maldives
401,169,251,4,659.41,2023-07-31,Guernsey
402,326,237,2,829.67,2023-09-18,Zambia
403,870,296,3,145.9,2024-03-04,Algeria
404,217,278,1,673.14,2024-06-16,Niger
405,349,214,1,109.2,2023-11-22,Equatorial Guinea
406,653,298,1,684.38,2023-11-18,Malawi
407,922,283,5,978.13,2023-09-08,Gibraltar
408,626,298,4,482.67,2024-01-20,Marshall Islands
409,107,227,3,292.56,2024-05-26,Poland
410,534,294,5,239.9,2024-04-22,Jordan
411,762,203,4,883.42,2023-12-21,Saint Barthelemy
412,439,232,4,790.08,2024-01-28,Barbados
413,688,257,1,19.17,2024-02-25,Iraq
414,543,200,3,459.81,2024-03-01,Saint Helena
415,733,209,5,473.34,2023-11-11,Vanuatu
416,614,211,3,170.87,2023-10-13,Serbia
417,548,220,2,23.94,2024-01-19,Cyprus
418,239,237,5,677.66,2024-02-27,Cambodia
419,405,293,5,857.59,2024-03-03,Holy See (Vatican City State)
420,111,200,5,334.65,2024-02-03,Nauru
421,503,295,2,981.87,2024-04-08,United Kingdom
422,843,265,2,16.76,2023-08-20,Central African Republic
423,288,223,4,756.22,2024-03-12,South Georgia and the South Sandwich Islands
424,680,270,5,725.65,2023-12-22,Oman
425,662,225,3,695.84,2024-04-02,Morocco
426,598,230,4,313.74,2023-08-03,Finland
427,734,242,3,693.39,2024-02-20,Palestinian Territory
428,413,240,5,228.64,2023-12-09,Chile
429,104,282,2,460.43,2023-12-12,Falkland Islands (Malvinas)
430,960,261,5,913.67,2023-12-22,Kiribati
431,467,282,5,874.4,2024-02-16,Belgium
432,961,225,4,532.89,2023-10-06,Saint Martin
433,741,264,5,121.09,2024-02-26,Antarctica (the territory South of 60 deg S)
434,932,204,5,158.35,2024-01-26,Eritrea
435,656,219,4,125.08,2023-11-15,India
436,328,217,4,100.03,2023-12-23,Macao
437,622,230,4,140.62,2024-05-20,Sri Lanka
438,728,220,5,67.16,2023-09-03,Monaco
439,679,261,1,401.99,2024-06-24,Guinea-Bissau
440,141,247,5,82.3,2023-09-24,Armenia
441,784,260,1,545.75,2024-06-16,Korea
442,147,266,4,41.42,2024-02-27,Switzerland
443,380,222,2,768.17,2023-11-19,Palau
444,487,266,4,454.05,2023-10-01,Honduras
445,328,262,1,685.9,2024-04-28,Liberia
446,718,229,1,186.69,2023-07-25,Malawi
447,758,277,2,730.58,2024-03-30,Svalbard & Jan Mayen Islands
448,221,214,1,978.71,2023-12-30,Peru
449,590,252,4,536.61,2023-07-04,Ecuador
450,144,265,4,352.7,2023-07-11,Uganda
451,686,266,1,41.9,2023-11-30,Nepal
452,677,236,1,248.26,2023-07-29,Cuba
453,559,228,5,43.24,2024-05-13,Isle of Man
454,715,279,1,408.24,2024-03-08,Madagascar
455,370,276,2,756.84,2024-02-10,Bangladesh
456,335,266,5,993.55,2024-05-24,United States of America
457,616,222,3,581.7,2023-12-27,United Arab Emirates
458,729,296,3,877.5,2023-08-10,Bermuda
459,593,200,3,282.4,2024-06-08,Wallis and Futuna
460,893,205,5,500.66,2024-03-22,Malta
461,539,248,5,325.55,2023-11-09,Myanmar
462,923,212,2,306.89,2023-12-08,Burkina Faso
463,360,236,4,248.56,2024-02-13,Turkey
464,656,200,2,807.72,2024-02-05,Maldives
465,220,240,4,968.11,2023-12-01,Guyana
466,209,268,2,262.45,2023-12-07,Monaco
467,474,226,4,848.66,2023-12-03,Mexico
468,902,261,2,61.02,2023-10-02,Gambia
469,691,284,5,49.15,2023-08-11,San Marino
470,335,227,5,727.06,2024-01-09,Iran
471,904,290,2,870.78,2023-07-16,Central African Republic
472,498,218,1,219.69,2023-12-26,Vanuatu
473,714,210,4,915.3,2024-02-17,Argentina
474,841,266,2,556.56,2023-10-15,Rwanda
475,711,263,4,538.31,2023-12-13,Algeria
476,306,224,3,366.05,2023-07-09,Slovenia
477,713,286,1,804.79,2023-07-10,Guyana
478,344,235,2,377,2024-04-23,Iran
479,461,201,5,865.44,2024-04-07,Romania
480,170,271,3,557.78,2024-06-15,Mozambique
481,456,224,2,204.23,2023-12-19,Venezuela
482,513,213,5,835.03,2024-01-28,Barbados
483,615,232,3,264.75,2024-05-31,Martinique
484,932,248,4,176.55,2024-01-30,Liberia
485,888,287,2,723.11,2023-12-21,Ukraine
486,700,248,5,990.42,2024-02-27,Solomon Islands
487,325,245,1,840.68,2024-01-12,Martinique
488,109,251,1,418.27,2024-03-13,San Marino
489,940,240,2,19.05,2023-11-10,Cuba
490,687,224,1,621.66,2024-01-05,Saint Pierre and Miquelon
491,304,229,1,16.55,2023-09-12,Syrian Arab Republic
492,355,215,1,534.12,2024-06-17,Belgium
493,792,269,3,26.97,2023-07-12,Thailand
494,593,273,1,918.87,2024-05-28,Falkland Islands (Malvinas)
495,602,250,2,623.58,2023-09-20,Sao Tome and Principe
496,690,269,3,796.99,2023-07-08,Macao
497,455,215,4,464.41,2024-03-23,Malaysia
498,571,248,3,687.2,2024-02-06,Bolivia
499,433,233,1,411.23,2023-09-26,Ethiopia
500,582,254,4,65.55,2023-09-15,Italy
501,817,257,1,504.86,2023-09-03,Montenegro
502,234,292,5,977.56,2023-10-08,Spain
503,341,294,1,237.47,2023-08-23,Lebanon
504,925,280,1,924.92,2024-01-12,Marshall Islands
505,837,272,5,661.53,2023-07-14,Indonesia
506,201,260,1,961.85,2024-05-16,Niue
507,198,271,1,306.28,2024-01-28,Venezuela
508,929,286,4,680.26,2024-02-16,Congo
509,690,299,2,792.59,2023-10-14,Guinea
510,432,210,3,63.16,2023-11-20,New Zealand
511,393,281,1,347.19,2024-05-04,Vanuatu
512,445,209,1,637.78,2023-07-26,Central African Republic
513,451,234,2,362.25,2024-02-16,Oman
514,504,246,2,682.9,2024-04-11,Myanmar
515,633,202,5,302.43,2023-08-13,Saint Lucia
516,340,210,1,275.29,2023-09-15,Chad
517,506,270,4,323.51,2023-07-16,Anguilla
518,889,233,1,943.53,2024-02-21,Cape Verde
519,186,231,3,111.21,2024-04-07,Finland
520,553,203,4,454.36,2023-07-09,Panama
521,465,269,1,98.72,2024-06-23,Faroe Islands
522,661,222,5,786.59,2024-02-10,Nauru
523,567,267,3,419.67,2024-02-29,Northern Mariana Islands
524,646,211,2,576.24,2023-12-14,Gambia
525,474,266,2,147.45,2024-05-07,Senegal
526,968,288,4,154.48,2024-06-18,Liechtenstein
527,873,237,3,426.89,2024-02-12,Djibouti
528,915,271,3,259.18,2023-12-12,Indonesia
529,355,248,5,620.5,2023-09-19,Estonia
530,181,278,2,311.61,2024-05-04,Puerto Rico
531,801,234,5,386.09,2023-12-03,Comoros
532,973,258,3,436.31,2024-02-20,Korea
533,378,219,3,607.18,2023-07-15,Marshall Islands
534,122,291,3,185.86,2023-12-13,Saint Lucia
535,108,243,3,737.53,2023-12-06,Georgia
536,904,204,2,332.63,2023-11-01,Belgium
537,963,250,3,122.75,2023-07-23,Mauritius
538,581,248,5,188.13,2024-05-12,American Samoa
539,224,256,2,444.07,2023-09-29,Saint Pierre and Miquelon
540,134,285,4,676.25,2023-09-14,Lebanon
541,498,280,2,260.15,2024-04-03,Armenia
542,862,281,4,83.23,2023-10-20,Congo
543,469,214,4,539.02,2023-09-25,Norfolk Island
544,544,215,1,792.81,2023-11-26,Somalia
545,348,260,5,641.8,2024-03-19,Nauru
546,258,211,2,661.03,2024-03-18,Nicaragua
547,446,207,5,53.85,2023-11-11,Oman
548,257,229,4,114.89,2023-10-27,Micronesia
549,907,293,2,515.57,2023-09-08,Angola
550,805,205,3,397.22,2023-12-31,Romania
551,548,272,1,487.94,2023-09-06,Mauritius
552,456,276,1,124.91,2024-06-15,Tokelau
553,667,233,3,349.64,2024-01-22,Haiti
554,564,223,4,354.82,2024-06-02,Andorra
555,734,292,4,325.72,2023-07-20,Palestinian Territory
556,651,298,1,32.36,2024-01-26,Cape Verde
557,727,212,2,930.62,2024-01-15,Palestinian Territory
558,168,204,2,556.39,2023-09-12,Botswana
559,597,249,4,958.88,2024-03-07,Liechtenstein
560,638,228,2,194.52,2024-02-16,Saint Barthelemy
561,172,210,1,740.01,2023-12-24,Spain
562,754,253,5,435.26,2024-05-10,Heard Island and McDonald Islands
563,913,205,2,285.56,2024-04-06,Barbados
564,954,212,1,801.51,2023-08-04,Saint Kitts and Nevis
565,336,231,3,205.1,2024-02-02,Nigeria
566,283,298,4,532.44,2024-02-29,Montserrat
567,466,213,4,615.2,2023-08-29,Somalia
568,284,268,3,847.06,2024-02-13,Kenya
569,460,247,5,594.27,2023-12-03,Serbia
570,748,272,1,246.19,2024-01-23,Croatia
571,484,257,3,696.5,2023-12-16,Indonesia
572,100,266,5,146.49,2023-08-17,Tuvalu
573,409,240,2,491.8,2023-07-04,Sierra Leone
574,941,265,2,494.75,2024-01-28,Montenegro
575,685,217,3,843.57,2023-10-06,Haiti
576,696,273,1,489.76,2023-11-28,Mongolia
577,322,222,5,510.38,2024-01-01,Sweden
578,806,282,4,421.47,2023-10-20,Argentina
579,848,298,2,91.84,2023-11-02,Guernsey
580,936,298,3,42.37,2023-09-22,San Marino
581,768,280,3,176.53,2023-11-21,Austria
582,412,241,4,554.23,2024-01-07,Qatar
583,326,257,1,275.21,2024-04-13,Nauru
584,689,250,1,762.4,2023-08-22,Bulgaria
585,444,251,2,989.88,2023-10-05,Belize
586,508,217,3,876.06,2023-12-29,Moldova
587,302,294,3,355.09,2024-01-15,Egypt
588,348,273,1,777.88,2023-07-30,Bouvet Island (Bouvetoya)
589,787,244,5,692.24,2024-02-11,Palau
590,124,256,5,147.84,2024-02-23,Cameroon
591,551,247,1,574.37,2023-08-25,Saudi Arabia
592,845,279,5,176.69,2024-06-19,Cameroon
593,989,214,5,274.67,2023-10-22,Korea
594,582,226,4,919.58,2024-01-24,Maldives
595,868,218,2,257.18,2024-03-21,Qatar
596,784,205,4,494.56,2023-10-03,Chile
597,161,206,4,457.47,2023-12-23,Palau
598,108,284,5,752.3,2023-11-12,Tonga
599,210,229,4,334.02,2023-11-20,Madagascar
600,826,268,4,638.49,2023-07-30,Colombia
601,303,202,5,403.74,2023-07-11,Egypt
602,642,202,4,275.85,2023-11-07,Poland
603,460,264,5,582.15,2023-10-11,Sudan
604,163,203,1,55.48,2024-01-27,Yemen
605,386,217,1,930.14,2023-07-30,Saint Lucia
606,491,287,4,10.67,2023-09-22,Israel
607,346,277,2,883.33,2023-10-31,Kiribati
608,655,287,3,102.41,2024-05-01,Cook Islands
609,983,217,1,378.13,2023-12-10,United States of America
610,888,240,4,629.35,2023-07-22,Micronesia
611,645,218,1,706.66,2024-04-03,Antarctica (the territory South of 60 deg S)
612,883,238,4,87.16,2023-12-15,Samoa
613,941,299,4,19.19,2023-09-06,Botswana
614,234,234,4,697.09,2024-02-16,Mongolia
615,727,245,2,389.24,2023-07-26,Portugal
616,898,291,3,373.89,2024-03-04,Holy See (Vatican City State)
617,288,224,4,775.73,2023-09-21,Antigua and Barbuda
618,518,252,1,535.2,2023-09-20,Samoa
619,787,256,2,445.7,2024-05-27,New Zealand
620,601,254,4,619.92,2023-11-30,Singapore
621,142,250,1,897.63,2024-02-18,Wallis and Futuna
622,860,290,5,732.71,2024-04-26,Argentina
623,633,231,3,793.17,2024-01-13,Martinique
624,505,206,1,255.69,2023-09-07,French Guiana
625,550,259,3,213.39,2023-08-29,Jamaica
626,401,218,3,649.71,2023-12-23,Switzerland
627,761,299,4,121.62,2024-02-08,Wallis and Futuna
628,812,203,1,533,2023-09-03,Korea
629,704,211,3,140.66,2023-10-01,Gibraltar
630,808,293,5,686.11,2023-08-12,Bermuda
631,216,290,1,591.49,2023-11-22,Saint Lucia
632,910,270,2,49.43,2023-11-20,Aruba
633,886,219,5,293.62,2023-08-27,Trinidad and Tobago
634,248,239,4,91.6,2024-04-04,Seychelles
635,556,225,1,316.81,2023-06-27,Niger
636,883,269,5,333.48,2024-05-04,Albania
637,722,260,4,732.66,2023-12-19,Ireland
638,552,270,2,95.35,2023-10-12,Nicaragua
639,743,218,4,616.17,2023-07-17,Palau
640,457,277,2,128.25,2023-10-19,Greenland
641,189,286,2,501.45,2023-10-14,New Caledonia
642,776,222,5,785.16,2023-12-19,San Marino
643,692,241,3,135.66,2023-11-16,Ukraine
644,488,208,1,341.66,2023-10-17,Latvia
645,237,252,5,73.23,2024-01-15,Cote d'Ivoire
646,812,280,4,515.67,2024-01-17,Benin
647,595,290,5,175.21,2023-10-15,Japan
648,723,279,1,895.33,2023-11-10,Vanuatu
649,232,263,5,12.54,2024-01-03,Sri Lanka
650,284,224,1,477.05,2023-06-26,British Indian Ocean Territory (Chagos Archipelago)
651,124,226,2,931.85,2024-05-01,New Zealand
652,524,281,4,232.27,2023-09-16,Algeria
653,755,239,3,278.55,2023-10-20,Macedonia
654,663,243,3,128.21,2023-11-26,Saint Kitts and Nevis
655,682,242,2,806.29,2024-05-14,Guadeloupe
656,788,217,1,878.22,2023-12-29,Cape Verde
657,742,259,3,95.52,2024-04-25,Suriname
658,523,272,3,208.66,2024-04-02,Philippines
659,423,242,2,469.29,2024-05-01,United States Virgin Islands
660,914,203,5,762.88,2023-11-04,Honduras
661,741,223,1,933.07,2024-02-12,Brazil
662,985,290,5,352.96,2023-07-08,Faroe Islands
663,523,238,1,761.34,2023-09-17,Mali
664,409,225,1,213.14,2024-06-14,Bermuda
665,554,219,4,961.57,2023-09-07,Guam
666,595,218,1,53.46,2024-04-19,Tunisia
667,200,216,4,703.84,2023-09-13,Saint Kitts and Nevis
668,137,200,1,584.96,2023-10-24,Venezuela
669,145,259,1,595.98,2024-06-05,Aruba
670,205,273,2,244.4,2024-04-15,Georgia
671,754,235,4,703.72,2024-01-18,Ghana
672,891,235,4,279.24,2023-08-09,American Samoa
673,737,270,2,782.14,2023-10-27,Faroe Islands
674,244,221,1,172.73,2023-07-23,Georgia
675,727,203,4,129.53,2023-12-25,United Kingdom
676,791,250,4,315.22,2023-09-03,Romania
677,710,257,1,166.04,2024-02-20,Guinea-Bissau
678,419,268,1,222.87,2023-07-26,Uzbekistan
679,873,289,1,714.05,2023-12-24,Bhutan
680,566,260,5,58.46,2023-09-23,Yemen
681,329,246,2,40.77,2023-11-25,Cocos (Keeling) Islands
682,816,241,5,750.6,2023-12-19,Libyan Arab Jamahiriya
683,130,221,4,110.89,2023-10-13,Seychelles
684,456,291,1,71.05,2024-04-30,Botswana
685,433,259,2,825.44,2023-11-28,Namibia
686,523,261,5,590.26,2023-11-22,Bahrain
687,448,255,1,205.77,2024-02-01,Solomon Islands
688,450,209,1,906.03,2024-04-08,Venezuela
689,828,259,1,942.86,2023-10-30,Micronesia
690,199,208,5,438.82,2024-02-13,Botswana
691,801,263,1,388.9,2024-03-02,Panama
692,162,296,3,222.57,2024-02-28,Sudan
693,100,237,3,451.55,2023-11-24,New Zealand
694,691,238,5,622.98,2024-02-02,South Africa
695,795,244,4,417.87,2023-07-30,Mozambique
696,108,237,1,286.98,2023-07-20,Heard Island and McDonald Islands
697,662,245,2,646.23,2023-08-07,Tokelau
698,388,250,1,989.51,2024-02-23,Ghana
699,828,284,5,783.62,2023-09-01,Lebanon
700,242,253,5,328.39,2023-08-24,France
701,993,202,1,325.69,2023-08-20,Saint Helena
702,598,217,3,68.01,2024-03-01,Sri Lanka
703,525,254,3,769.17,2024-02-23,Cocos (Keeling) Islands
704,565,245,1,255.38,2023-09-21,Colombia
705,534,230,5,818.12,2024-03-28,Macao
706,375,204,5,848.04,2024-02-01,Liberia
707,821,210,2,184.34,2023-08-20,Saint Lucia
708,848,235,5,37.92,2023-12-23,Malaysia
709,180,280,5,150.68,2024-04-09,Panama
710,784,239,5,315.96,2024-02-19,Austria
711,451,260,1,65.61,2024-02-03,Saint Martin
712,439,237,5,483.21,2023-08-30,Argentina
713,811,272,2,808.38,2023-10-05,Bahamas
714,744,237,3,68.96,2024-05-05,Saint Pierre and Miquelon
715,739,209,2,776.62,2024-05-21,Slovenia
716,384,232,3,707.49,2023-07-01,Saint Vincent and the Grenadines
717,214,284,1,343.2,2023-12-16,Heard Island and McDonald Islands
718,927,223,2,735.03,2024-05-01,Malta
719,982,276,3,182.46,2024-06-22,Swaziland
720,257,249,5,816.31,2023-09-26,Panama
721,550,244,3,136.07,2023-07-17,Norway
722,370,251,4,852.25,2023-12-27,Gabon
723,587,248,5,325.03,2024-03-17,Romania
724,499,201,1,937.32,2023-10-16,Vanuatu
725,916,287,1,245.62,2023-07-11,Bhutan
726,644,283,1,823.45,2024-05-24,Faroe Islands
727,443,274,1,272.56,2023-11-24,Kyrgyz Republic
728,891,298,3,264.09,2023-09-09,Maldives
729,445,201,1,392.08,2024-03-13,Algeria
730,951,287,4,498.15,2023-12-16,Guernsey
731,324,279,5,381.59,2023-07-31,Azerbaijan
732,708,281,2,171.03,2023-08-12,Russian Federation
733,222,297,3,29.88,2024-06-09,Oman
734,679,223,1,348.39,2023-10-02,French Polynesia
735,578,235,1,551.58,2024-04-19,Japan
736,808,220,5,985.42,2024-04-24,Barbados
737,383,207,4,943.02,2023-10-04,Zimbabwe
738,932,225,4,165.53,2024-02-18,India
739,282,255,2,974.65,2023-09-18,New Zealand
740,758,204,5,272.61,2023-07-24,Barbados
741,685,263,2,104.96,2023-08-22,Palau
742,755,219,5,841.46,2024-03-23,Greenland
743,500,262,3,13.78,2023-12-28,Jordan
744,513,269,5,485.53,2023-09-21,Afghanistan
745,493,272,2,179.12,2024-01-19,Vietnam
746,467,282,4,845.33,2023-07-31,Haiti
747,647,297,4,494.21,2024-04-18,French Guiana
748,763,284,5,393.65,2023-09-08,French Southern Territories
749,812,262,3,194.72,2023-07-28,Turks and Caicos Islands
750,747,203,4,470.41,2024-03-31,Namibia
751,344,268,5,71.02,2024-05-14,Sudan
752,560,243,3,810.1,2024-04-26,Saint Helena
753,143,266,2,558.07,2023-12-21,Wallis and Futuna
754,794,229,4,965.97,2024-06-19,Barbados
755,137,279,2,481.5,2023-07-13,Ecuador
756,818,239,1,507.08,2024-05-09,South Africa
757,199,213,4,181.15,2023-08-09,Luxembourg
758,709,254,2,134.92,2023-11-04,Sudan
759,955,273,4,209.9,2024-01-24,Burundi
760,429,275,3,326.55,2023-09-01,Grenada
761,164,289,4,560.8,2023-11-16,Mexico
762,268,212,5,463.58,2024-04-28,Tanzania
763,747,262,5,527.34,2023-07-27,Albania
764,107,236,4,158.15,2023-12-04,Puerto Rico
765,926,218,5,781.75,2024-02-29,Faroe Islands
766,635,288,3,879.11,2023-07-10,Nauru
767,284,238,4,576.3,2023-11-08,Italy
768,104,212,2,282.66,2024-02-21,Guyana
769,983,298,5,684,2024-02-24,Palestinian Territory
770,313,287,4,890.68,2024-05-18,United States Minor Outlying Islands
771,585,246,1,748.29,2023-10-14,Cote d'Ivoire
772,545,258,1,344.49,2023-07-12,Bosnia and Herzegovina
773,858,203,3,844.42,2023-12-31,Malawi
774,218,274,2,307.48,2023-10-30,Italy
775,303,214,3,731.51,2023-10-30,Denmark
776,200,228,4,219.28,2023-07-24,Latvia
777,699,258,5,868.52,2023-09-03,Iceland
778,482,234,2,74.96,2023-09-12,Grenada
779,230,214,5,880.54,2024-05-21,Lao People's Democratic Republic
780,569,237,2,876.43,2024-02-15,Cayman Islands
781,908,273,2,42.74,2024-01-26,Timor-Leste
782,335,227,2,281.24,2024-02-10,Lebanon
783,957,231,4,639.06,2023-09-30,Greece
784,544,219,2,378.74,2024-06-14,Montenegro
785,105,293,4,591.01,2024-04-19,Macedonia
786,134,289,2,839.28,2024-05-09,Bolivia
787,563,252,3,37.18,2023-09-18,Bulgaria
788,467,261,5,782.03,2024-03-11,Gambia
789,265,203,2,680.92,2023-12-19,Kyrgyz Republic
790,890,247,5,29.85,2024-02-24,Kyrgyz Republic
791,820,288,2,650.9,2023-11-02,Malta
792,133,278,3,612.26,2024-01-22,Montserrat
793,913,242,4,896.53,2024-04-06,Venezuela
794,156,206,3,226.03,2023-08-08,Hungary
795,474,282,5,403.18,2024-01-29,Romania
796,168,242,5,999.44,2023-09-26,Mauritania
797,216,289,5,612.96,2023-09-15,Sao Tome and Principe
798,862,264,4,73.2,2024-03-16,Jamaica
799,383,264,3,268.54,2024-01-16,Switzerland
800,225,237,2,522.12,2023-12-18,Nicaragua
801,476,208,5,410.06,2023-09-07,Uganda
802,568,209,1,658.85,2023-08-07,Chad
803,382,226,4,410.55,2024-01-14,Zambia
804,742,216,5,817.85,2023-12-27,Guatemala
805,530,208,5,641.93,2023-07-04,Tunisia
806,921,252,5,307.19,2024-02-05,Guam
807,771,289,2,300.85,2024-01-17,Tajikistan
808,661,239,3,727.93,2023-08-31,Somalia
809,366,206,1,230.03,2023-08-22,Guinea
810,391,291,4,790.21,2024-01-19,France
811,286,285,3,589.71,2024-04-29,Cape Verde
812,265,216,4,63.14,2023-12-14,Eritrea
813,478,240,2,505.47,2023-11-06,Cameroon
814,481,215,3,418.98,2024-06-17,Anguilla
815,514,240,2,349.24,2023-08-25,Albania
816,856,237,3,863.77,2023-12-27,Ukraine
817,396,285,4,339.3,2023-08-22,South Georgia and the South Sandwich Islands
818,678,214,1,14.67,2024-04-05,Lesotho
819,141,251,2,580.52,2024-02-20,Tajikistan
820,325,282,1,138.11,2023-09-09,Mozambique
821,639,202,4,434.74,2023-07-28,Martinique
822,969,265,1,47.35,2023-11-26,Congo
823,602,285,1,893.09,2023-11-13,Indonesia
824,251,201,1,630.42,2023-10-14,Guatemala
825,459,227,3,318.97,2024-04-03,Tuvalu
826,554,220,5,592.78,2024-05-03,Saint Lucia
827,534,276,1,305.22,2023-07-29,Cambodia
828,312,242,5,600.41,2023-07-21,Venezuela
829,704,234,2,349.31,2023-12-03,China
830,669,225,2,173.23,2023-09-06,Syrian Arab Republic
831,490,238,2,232.08,2024-05-15,Mozambique
832,411,219,1,593.8,2023-10-06,French Southern Territories
833,755,236,3,714,2023-12-05,Christmas Island
834,603,297,3,773.54,2023-10-11,Lithuania
835,168,255,1,665.35,2024-05-28,Eritrea
836,743,247,1,422.61,2024-01-11,Saint Martin
837,689,218,5,260.21,2023-10-28,Kyrgyz Republic
838,999,246,1,308.11,2023-12-05,Norfolk Island
839,464,209,3,626.57,2024-01-11,Congo
840,884,221,1,516.47,2024-01-23,Gibraltar
841,993,234,1,786.91,2024-03-18,Qatar
842,804,218,5,207.75,2023-07-01,Burundi
843,630,220,2,364.34,2023-08-04,Cuba
844,258,271,2,49.01,2024-02-19,Portugal
845,951,289,4,337.3,2024-04-14,Spain
846,216,216,1,907.81,2024-06-18,Andorra
847,591,256,1,781.73,2024-06-05,Nauru
848,635,203,3,647.89,2024-04-10,Suriname
849,221,229,3,469.63,2023-10-23,Brunei Darussalam
850,314,214,1,853.73,2023-07-26,Andorra
851,893,284,4,741.15,2024-01-11,Namibia
852,160,238,1,853.48,2024-03-11,Algeria
853,872,275,3,895.58,2024-06-09,Cook Islands
854,289,295,3,816.81,2024-06-25,Fiji
855,693,293,4,406.25,2024-02-19,Dominican Republic
856,617,201,4,693,2024-01-17,Cuba
857,832,268,2,121.93,2023-06-27,Saint Kitts and Nevis
858,201,260,1,421.87,2023-11-15,Qatar
859,703,245,4,189.45,2023-11-20,Jamaica
860,319,240,5,38.53,2023-08-13,Lao People's Democratic Republic
861,212,236,4,121.81,2024-01-28,Saint Helena
862,141,258,1,72.7,2024-02-14,Saint Pierre and Miquelon
863,419,252,5,769.85,2023-10-16,Timor-Leste
864,538,260,5,527.87,2024-06-24,Philippines
865,476,213,2,487.11,2023-11-26,Kazakhstan
866,635,251,5,893.14,2024-03-21,Namibia
867,204,246,2,510.51,2023-09-11,Guadeloupe
868,305,254,2,84.12,2024-04-02,Luxembourg
869,385,296,2,337.59,2024-04-27,Spain
870,759,251,5,230.48,2023-12-31,Madagascar
871,385,262,2,88.04,2024-01-05,Djibouti
872,743,208,4,97.14,2024-01-05,Philippines
873,127,219,3,127.52,2023-10-21,Niger
874,738,298,1,409.41,2024-01-03,Somalia
875,577,233,5,10.17,2024-01-22,Guam
876,928,204,5,641.16,2023-12-10,Turkmenistan
877,221,258,3,369.71,2023-07-09,Antigua and Barbuda
878,281,290,4,338.65,2023-08-28,Liechtenstein
879,541,214,4,122.88,2024-02-01,Peru
880,602,260,3,361.59,2024-01-30,Timor-Leste
881,260,248,5,380.15,2024-02-20,Philippines
882,461,275,2,497.5,2023-07-13,Brunei Darussalam
883,957,297,3,614.74,2024-06-06,Nigeria
884,449,252,4,223.43,2023-11-09,Azerbaijan
885,777,210,1,759.58,2024-06-13,Portugal
886,167,268,1,774.42,2023-10-30,Argentina
887,571,253,5,956.63,2023-10-07,Angola
888,812,273,1,535.06,2023-11-24,Gibraltar
889,686,226,4,840.43,2023-11-03,Luxembourg
890,614,238,2,694.9,2023-11-14,Jordan
891,306,268,1,393.53,2023-09-17,France
892,371,228,4,424.48,2024-02-23,Samoa
893,194,234,4,963.96,2023-07-22,Mongolia
894,920,209,2,146.8,2024-03-05,Swaziland
895,409,240,3,714.76,2023-09-11,Israel
896,511,270,2,627.93,2023-09-04,Turkmenistan
897,119,263,2,981.52,2023-09-16,Panama
898,943,268,5,697.37,2024-05-05,New Zealand
899,973,280,3,566.66,2023-07-19,Maldives
900,305,287,3,878.7,2024-04-18,French Southern Territories
901,964,208,5,115.41,2024-02-27,Costa Rica
902,966,232,1,673.55,2024-03-18,Nepal
903,341,231,2,983.7,2024-04-30,Sweden
904,417,282,1,693.69,2024-06-11,Argentina
905,306,235,5,41.98,2024-03-07,Mayotte
906,280,202,5,869.36,2023-07-17,Tokelau
907,185,252,4,245.22,2024-06-08,Haiti
908,787,292,4,393.68,2024-05-18,Burundi
909,341,266,1,22.84,2024-03-09,Switzerland
910,694,211,5,870.16,2023-09-26,Nepal
911,225,294,3,757.56,2023-11-24,Sri Lanka
912,866,213,3,454.33,2023-09-02,Croatia
913,381,262,2,737.73,2024-01-19,Holy See (Vatican City State)
914,816,287,1,434.22,2023-09-29,Fiji
915,903,239,2,588.15,2023-07-04,Oman
916,720,206,3,471.67,2024-03-20,United States Virgin Islands
917,907,281,2,929.34,2024-03-24,Guyana
918,931,256,3,495.65,2023-11-23,Algeria
919,502,296,3,530.14,2023-09-25,French Southern Territories
920,315,240,1,788.4,2024-06-01,Sudan
921,885,210,5,541.67,2024-05-10,Slovakia (Slovak Republic)
922,603,291,2,884.56,2023-12-07,Turkey
923,939,208,3,300.64,2023-11-09,Italy
924,716,288,1,123.57,2023-07-06,Serbia
925,153,282,2,905.45,2023-08-17,Afghanistan
926,510,214,3,387.56,2023-08-26,Egypt
927,628,216,3,544.83,2024-05-19,Nauru
928,802,294,5,823.89,2023-08-16,Eritrea
929,277,225,5,451.1,2023-07-28,Israel
930,476,273,2,327.11,2023-09-21,Angola
931,123,211,2,971.91,2023-12-22,Congo
932,368,254,2,673.63,2024-02-14,Eritrea
933,252,215,1,213.52,2023-07-01,Saint Barthelemy
934,638,286,2,33.52,2024-01-03,British Indian Ocean Territory (Chagos Archipelago)
935,329,234,1,82.52,2023-10-15,San Marino
936,606,227,5,79.74,2024-05-11,Finland
937,844,218,4,394.15,2023-07-07,French Guiana
938,368,274,3,26.72,2024-03-17,Oman
939,569,288,1,645.01,2023-11-27,Poland
940,317,232,1,703.87,2023-07-24,Bhutan
941,670,245,5,115.07,2024-02-16,Wallis and Futuna
942,786,205,1,288.7,2023-06-28,El Salvador
943,616,247,4,823.9,2023-08-16,Uganda
944,672,263,2,538.13,2024-06-21,Guadeloupe
945,998,255,5,302.03,2023-08-20,Eritrea
946,219,235,3,957.82,2024-04-11,Guyana
947,540,297,5,149.96,2024-06-19,Estonia
948,629,262,5,600.69,2024-04-17,Zambia
949,254,256,2,750.81,2023-07-16,Comoros
950,252,220,4,906.57,2024-03-26,Lao People's Democratic Republic
951,546,256,2,228.58,2023-11-11,Russian Federation
952,674,215,1,189.54,2023-11-08,Bermuda
953,308,265,4,648.23,2024-05-10,Faroe Islands
954,676,200,1,258.18,2024-01-16,Seychelles
955,684,263,4,952.02,2024-03-14,Bhutan
956,436,250,2,109.04,2023-11-18,Namibia
957,208,290,3,491,2024-03-08,Lesotho
958,564,242,3,696.52,2023-07-13,Palau
959,737,293,5,370.85,2024-06-12,South Georgia and the South Sandwich Islands
960,682,236,2,14.78,2023-10-29,South Georgia and the South Sandwich Islands
961,156,211,4,283.91,2023-11-27,Equatorial Guinea
962,282,202,3,879.11,2024-05-22,Cote d'Ivoire
963,266,283,3,777.02,2023-08-24,British Indian Ocean Territory (Chagos Archipelago)
964,405,287,1,184.01,2024-02-15,Bulgaria
965,467,262,2,892.38,2023-12-15,Turks and Caicos Islands
966,497,296,1,730.15,2023-12-07,Sudan
967,477,205,1,814.52,2024-01-11,Guam
968,574,263,2,907.24,2024-01-16,Niue
969,762,261,5,477.38,2023-10-20,Canada
970,230,254,4,231.07,2023-10-18,Mongolia
971,148,265,4,506.11,2023-12-08,Isle of Man
972,196,245,3,507.15,2023-10-02,Mozambique
973,183,259,2,759.63,2023-09-03,Solomon Islands
974,286,290,2,187.35,2023-10-19,Germany
975,701,233,3,50.02,2023-11-05,Uruguay
976,992,277,1,271.71,2023-10-04,Tunisia
977,789,214,2,522.71,2023-07-01,Chile
978,771,295,4,918.72,2024-02-14,Saint Kitts and Nevis
979,598,288,3,112.19,2024-03-13,Portugal
980,791,201,5,548.91,2023-09-08,Bouvet Island (Bouvetoya)
981,935,226,4,371.64,2023-12-29,Pakistan
982,248,268,3,382.57,2023-09-08,Benin
983,408,214,4,359.37,2023-08-29,United Kingdom
984,256,202,4,888.3,2024-05-24,Korea
985,699,250,2,445.5,2023-07-15,Grenada
986,108,253,5,647.04,2024-05-20,Lithuania
987,854,204,2,165.78,2024-01-01,Iran
988,597,262,4,813.06,2023-09-24,Rwanda
989,162,208,4,484.23,2023-10-08,Uganda
990,763,282,1,251.23,2023-11-07,Kiribati
991,814,260,5,169.52,2023-11-06,Kazakhstan
992,337,277,2,65.35,2024-05-22,Tajikistan
993,832,291,5,958.66,2023-11-24,Israel
994,953,260,1,224.43,2024-05-01,Tanzania
995,265,285,2,227.17,2023-12-30,Bulgaria
996,277,253,2,796.67,2024-01-03,Gabon
997,340,233,5,271.88,2023-11-11,Philippines
998,262,208,5,594.69,2023-11-04,Jersey
999,216,233,4,140.89,2023-11-05,Slovenia
1000,463,219,5,861,2024-05-22,Portugal
